아이폰 13 mini 자급제 256GB 스타라이트 Apple,"997,350원",https://adcr.naver.com/adcr?x=X0MtPH0HYXJ5zoHEd18i1v///w==k1GKJnlas9WZPB5g+s2t0c8MK//e5ognVv3LZATHlHQLBMZFPQJXDJAFJvJUCFNmtpfMjVwUJPMnfewzRGKVfvkrsYvjxk6HTBoi/1TsKFy6nHEawqxt8M1e0NoPfPIn5PWVZDxNv7hGggYQTXeN7Z1UQ+bnUfPvH1GRSze50cOQytYLtp2gaHh081WbT0B9QDFlPiJOWrMQEeOGk+Hprj2Af7ccOKyQZpyguhSrvpzByvUUl2Fak9b2TzWpt3lcdG3Yh5GoB6d5Jp4hBxL74HZGcTqN4jF4871cTxOLjqXzHagN2u63KwgAI22ARNjULLAGbAG1uFNNyh+zJtTdm6ap+Wmev1L9tp6qGMwIFV9MS1orqHsdR5WcUonu1sWEogZUuqHp6WM0hireitnu2A27rDcJTZBQzJpaEm3Id+Ht3dA+VWkCsBs+tP9WayA+J38I++Hp7hL432rgkvpbbJvZ81EkAr+dLS1L3nMzFUxdQHmM/guZGxXjFflPDaEof+7boVKtgMpieq5MnsWkRwd0ez98HgUyUe7mWMOvmj51WPlLjJagHJ2gfYgr0doEp8Tx29QjxJSMoFbLZ6Ju57+t47KjDv6dgF/c7czXq/0owv+d6dUZmCkj4HNUIRdvJB8vZ1l/MM9UbZo7cchadUN/LjOuaQL4GjKJl03ydhVAc0M7yNcyvEQ4fSbz2Z4GPwDCxUetov6LOtFrhMwOZgE9GBZP3PfAcMYeFKh60MTD3SASNxGLRKkUaiOjzwIxZmJYHOhjK+dx6UI1/cAu/2WagXdnbLA30t4hKWZZNnpAYGLhd5bh71qG+WTNS91EDgS1E9F61Haa+LVQR1x30oEXG44QDYEEmrybJn2Fn602dFdxghi2x5XLlGst9mpMSJcUKAjiytma/mpk93hEkig==
Apple 아이폰 13 자급제 레드 256GB,"1,168,500원",https://adcr.naver.com/adcr?x=JMD1VRqmADjs40W8Z4jJSP///w==kZfl/Nzch2DQf8EMpd6VR/LxWmKa+32aeaSgXKSNuKQPfECVMSWCX1fsfmHlpu3ub7r3fNEZK82AtWRCYsa+UWRAejph680xegeXS1jMpdfsdMymw/r5Qk6Q/PijG3v1fU+dzXe+caAKlyP5PJ1q9TYZ/G7Iy0+7zbgEC/FWNHSrUJqMCtin8JJANZzyA81l9aihMUKoc7+9aPgC1bHc06fwa445a8RIrtIjXSzvxe13FqtAu381q6l9RALTs355IWatlJpN+mq6Hk65QUtlmFBiEnUVHiY/6TFN2NOvAL/3um8wiyLbwcVCKWzE7gpk8cQE/VZcSZdzkB7bINdn8L/XAI2uw+cm/ozbJ8dQjEXK9lQBtLnHtTGtkiEIM5YFz9Vb/UThyHbxqFjuebENqeiT3DKEgOYK8VyoixtCTTSSeJQa0JnP/ElSSUTDV/PmcyERR85ACvzyA+rQsyBNydneZ7L3lI+ues1a8zTcoySuAxUpQFe/se2+9IKP48AKqMT/fXJGfjMA3MjvAD3detfrszD9oCN3WsHTxtY0YxhNOlBOOP+4FLGXOxzbUPNIDwlx2e9XBUWdi/LD1BvGbskIRq/+9RZN0ful5GgUJfTwc2yO5hcKvCqNrO0CPgr8PIQgJO3U8MmFxza4GOY9tt2HDwjx4JDt5FtrYjUyuyAo9IEGQ14V+2MUsfSkKSlrqbW0yJ6bO8b3vvtdteDQoAUl039gsku4Oi6foSHuilMI1XH3DGA8Qqcdhh7zSJ6T42++sB/bCvQBDyBAuYj+dqQf9fX2y0wzTEhO/n1p75WjhPYi1BmcwqrCRFkUwOzLj3Wpl3fSDV0DWJKMSrjnVRhBUjjT8Q8U9pZiBEDkq6jTr77BSx5MvWpSK7BnAX3hNQ+LMaXsbiTGZMXfILA+Nfg==
아이폰 13 mini 자급제 128GB 미드나이트 Apple,"874,000원",https://adcr.naver.com/adcr?x=qca6UWTlbYVujh1/DafE9f///w==kZfl/Nzch2DQf8EMpd6VR/N/bOVLZVB0NqBPBRyeg5fksyMpw/MzGfjkPJ1LjrzY8Jx1qqAOaOrBpWAduyTvxfpbxtKQ+4g9e8jpvqR49uPimL0XF2YNR2kJWKDIkmS/j9CSl28ie93H7vzLuFow2ALjzTarNj4rILtcZk7d8XNpL7y60AwI7OUa3obDweQJv1NRzJDyEn9X7ljOuh6Ic6j3XqpZUDoM9wbmqz7X5SwUiyMBlQ8t264GkRJklsIzpG0UL/VqjlsXJOR2UST3laaDNz+36z/GCRCYW6dIoxgZYEvcv2bbPYpfaoKiW2wLVSuCJun/BKTsAvyBuX8WP14PGOHkoU00X5B2TCZ3VpN1l+VdRiyaJso5yoZ7hU0xHS+VUQmqjqMD8YMavEoWnFwVc51AS0JUE99Djn5mkdwNjq063gl6LI8T5P1kPn2q02FLXf841a8trJRp4GRKhI06OnTjJLRoj3XgImETRXCibJBVRrQNZ9pFObH/3lSLZmchWCgmYP2ylYOSw3R2xBC2jX98sAqisrAqfbc2BA8uadLrOXe4tOr63fc7hCCc9nqQk6VdWSLsVgLM3a13BWoDlKk93Sr6sW5EARAfudylniwjQWi39zsoavGz9BLnRRAQYpsF2QL/g1k0rJuHNL8fVQ52+DUWyYwrOxOkcYKzSkVOKa9co8ho0AuUL4Nrob6N6Sgwbtk4+PiYsuw7hjl1z2wnsYaWZyvhJ0JbpnnUjCrPgAZbJF7a93tvafAwpmkzO04Rt7OgLhi9pr2X3KCyIUYbf+dX/jd32iFC5nSyN2LkCn1upiATyS6lo2EP8JH2L5DxtAfV6HcV99a03k4D6dLQNZe3OK2CgmClACsCw+Ql08DpPY9iTYN6k94SGoGrQzVKvV9olrM5tFuqB0w7WHG/JiMCk2/Fjihb1pTA=
Apple 아이폰 13 256GB [자급제],"1,168,470원",https://cr.shopping.naver.com/adcr.nhn?x=CbQmtiFhJic9TUA7R0zWY%2F%2F%2F%2Fw%3D%3DsrJ6rgwJQVUj%2FFRbdv6veTLpQ1Q4D7%2BVlwz0a5mnNpLyGgjNtjvRyY8TaEm3AQ5UwyYpfWegWGkhwSAa2PIhbYmzKMuXpN3VSQydPnSUH9ZJ3sOl18a9m0QgmRUNtS1inJrEJMZIqgOGEBvuWphEOet9%2BKy%2Fm0d%2BgYWHtEf61Jo5CNclKwvLyA%2Fys%2F%2FHPPajLymj3I0Ayg2aYacGIsBoPOmNmcbgLr0lu2cCLGgyX7c9vsepmwRk8o%2FCB4DgHhnjVQu2f2b5lm7CCokCaCXOAa6uKWQN4b7WstTXVRp4V%2Fd2Kx7G3krbJiQXzryuwwOqJJE0eDNwU4y7VdpmBGdEiXkGqvd8sSTRWJrs934jMk5FKjRp2D9pkBhcJdqPQCXkTJTyOtdpNmqs6E%2FnW3NDtTlNCrJpfkPGyKA93w5qrtIQLSv5SYzis5SVdiBAX6a8R%2FCOsDULMzhyS3tcNpyUq6M%2FFIf4yGPCeFlgQd%2BW1h9K7A%2F0vSPti8cHY4o2fastw5nGX4TfzRlG2ahGMx%2BrSF%2Bsfi1kiaPrt2lqJwz5dMIYRpOFzCbaM6OU97uoPifjr6bigixFJNxSPuhpJC3c4PJlslQ%2BpBe66MIaLbHyHF83HICEQpPL7Rm%2B2fyhjEhHR&nvMid=29029192591&catId=50001519
Apple 아이폰 13 128GB [자급제],"1,057,300원",https://cr.shopping.naver.com/adcr.nhn?x=0q%2BdVYJmW%2FwcvuMOLX441f%2F%2F%2Fw%3D%3DsB7KkQlpt9GGF0t2D%2B0G4qJvLCZE3FkYburAoZafSjmtN4NgkrPIjlczCBjhk2dSMvnRqofjv17QAP7Oo2SgBSiu8tkzbadPuicmMKdjR%2FUDeSpjYYmBIfdB1kv2Vqitw0FgPde7yAtdbAaRqa2%2Fcxcv%2BjB2erv%2BZ%2Brrs5VHOiTQgGE7%2BZatKjf5hEf1XctkKihdJbsF7mPFDdM7F9nXsoJbkCnZt3PKDnGtnPfTpWXV9gLRMuJH34gK%2BdKxxm2wL%2B%2F2GdmTsPmkvX%2F%2F19lGJu6sJF1TG8DXvuOXRWh2aiSE1QmeK3ZPITzKHcbEnR%2BI83l3tu26ZOcGafC13xftFyA5UW%2Fi%2FGCFULEhO0eViCvHYe9CsbWrnsboog%2B94RL%2FIQaKjyn%2Bw2LQk17xXDKGCe4Re7uHgyNF3WXsM9BHB6lpFx37WIyrziE4Ps6WrDu%2FEkQhsK9FrLIaKhTqeCPe5%2BnUjwQMKHmfZEGs9R%2F5gzgFfxr8e8848S4N3UJ7%2FNlg1OljLtTQonU32VFdy%2BtXnDqkTCwGLAiwxwtZSNelcUZf6C0XXk8ySaOQ0OaLzzIxFFfEWbfXpJ11yb9nW0zbwSGO0QScdmj79W4Ike%2ByYeOsNUJgJp6CUXauCvW7Y5AjN&nvMid=29030374587&catId=50001519
Apple 아이폰 13 미니 128GB [자급제],"855,000원",https://cr.shopping.naver.com/adcr.nhn?x=AtxNy4uwKFF98Mo0zq0P6f%2F%2F%2Fw%3D%3DsnfNa8j2asNjznT89GrDi5NeRER6N3X5wiRptIyGSyb2GgjNtjvRyY8TaEm3AQ5UwRbu5qy1e%2FY7xAErCHRdQ5WzKMuXpN3VSQydPnSUH9ZJ3sOl18a9m0QgmRUNtS1inJrEJMZIqgOGEBvuWphEOet9%2BKy%2Fm0d%2BgYWHtEf61Jo5CNclKwvLyA%2Fys%2F%2FHPPajL6vmS6IPw0N8PQDlZk4TeMmNmcbgLr0lu2cCLGgyX7c9vsepmwRk8o%2FCB4DgHhnjVQu2f2b5lm7CCokCaCXOAa6uKWQN4b7WstTXVRp4V%2Fd2Kx7G3krbJiQXzryuwwOqJt3EtuibOijN63w9kx4%2BqwrLyxmsA2tdSCgURWYFc7%2FpKjRp2D9pkBhcJdqPQCXkTa7BVwfXnHeqIFOcSljWjcM%2BuBxawZkbtQren76JDlZQLSv5SYzis5SVdiBAX6a8Rg4OPtThFM2yPBsnrKnNGzzXV372DPAp4J4PkHemM8CqZZd0C6e2Zyps4U6T5DErBvcQeIaAGIIQRnJcrzv7qxXjIQL1hGVAagtNhX5P2vn1RN64mBm9G8QruBkLDcHT6935J4zAHYDBb3kPyAY3fMX%2FxIVYclewl7EZpWmx6t07Njqh%2FZemCCOboDhnweAmG&nvMid=29030650586&catId=50001519
Apple 아이폰 13 미니 256GB [자급제],"189,000원",https://cr.shopping.naver.com/adcr.nhn?x=E9VdWV7vxZQmMKLJOKuLPf%2F%2F%2Fw%3D%3Dsq0TkvqZQKXPYwpvQhT7eAcVf51U2qX53l%2F%2Bq644Q%2Fn2GgjNtjvRyY8TaEm3AQ5Uw1HVHj%2BT6enoK7vzRYfobgGzKMuXpN3VSQydPnSUH9ZJ3sOl18a9m0QgmRUNtS1inJrEJMZIqgOGEBvuWphEOet9%2BKy%2Fm0d%2BgYWHtEf61Jo5CNclKwvLyA%2Fys%2F%2FHPPajLdmjiUNRuai273zzzcAG2XmNmcbgLr0lu2cCLGgyX7c9vsepmwRk8o%2FCB4DgHhnjVQu2f2b5lm7CCokCaCXOAa6uKWQN4b7WstTXVRp4V%2Fd2Kx7G3krbJiQXzryuwwOqJAKa9sDxV%2FR2qdkD3jLNqJwGJtdLNUfFRV%2BvCurfz7uRKjRp2D9pkBhcJdqPQCXkTMM1plBQtkhaEWAH4rmffCHGPTx6ShVHv2wQJF8zHRbwLSv5SYzis5SVdiBAX6a8Rg4OPtThFM2yPBsnrKnNGz2rmButq64KTClYrJqqBljSZZd0C6e2Zyps4U6T5DErBvcQeIaAGIIQRnJcrzv7qxbvge%2B9lNWMc%2BfdygJeL63VRN64mBm9G8QruBkLDcHT64nsDwEYKXwYpA24uUoxbNnM0O8I1y0KjJ8LDbib7aMHNjqh%2FZemCCOboDhnweAmG&nvMid=29030437590&catId=50001519
Apple 아이폰 13 미니 512GB [자급제],"1,224,000원",https://cr.shopping.naver.com/adcr.nhn?x=%2FseCdrKcHAcPKl0yee9%2F%2FP%2F%2F%2Fw%3D%3DsBlb3RwI09LPgs9K7x2pMDqmkJ6NfCTcu4%2FvMklG6NjqGgjNtjvRyY8TaEm3AQ5Uwow7SzUeLS5YM3stJ%2FMuy72zKMuXpN3VSQydPnSUH9ZJ3sOl18a9m0QgmRUNtS1inJrEJMZIqgOGEBvuWphEOet9%2BKy%2Fm0d%2BgYWHtEf61Jo5CNclKwvLyA%2Fys%2F%2FHPPajLAv6mDD2uTNJECH9p%2Be0Yi2NmcbgLr0lu2cCLGgyX7c9vsepmwRk8o%2FCB4DgHhnjVQu2f2b5lm7CCokCaCXOAa6uKWQN4b7WstTXVRp4V%2Fd2Kx7G3krbJiQXzryuwwOqJ7CX7gxF3a0mQq%2FEWxlw9o8zqRdGC9qv%2FgtQWATtfCehKjRp2D9pkBhcJdqPQCXkTK1s3piY0W43aIWUe83IvQvcLTo9Sm7EMerUll4psYjoLSv5SYzis5SVdiBAX6a8Rg4OPtThFM2yPBsnrKnNGz%2Fw5EB9JIRzfzAZXoRSCXaiZZd0C6e2Zyps4U6T5DErBvcQeIaAGIIQRnJcrzv7qxZFZ33QG71%2BfbTdfpss8dyVP4PMPHCnudPTZjGRUD3iUwLzthabm4MU%2BeiRklgYjysbwtatYjpAfMYlubVBbCozHICEQpPL7Rm%2B2fyhjEhHR&nvMid=29030296587&catId=50001519
Apple 아이폰 13 프로 128GB [자급제],"1,650,000원",https://cr.shopping.naver.com/adcr.nhn?x=Tj82rAfy0Y1hydxuCUu3aP%2F%2F%2Fw%3D%3DsxuLBafErAZ015XoTQLiDbHnWpOJyVLr7IPu%2FMHQ%2FUySGgjNtjvRyY8TaEm3AQ5UwhBC6p5jMFO8GzykxxQ9KwGzKMuXpN3VSQydPnSUH9ZJ3sOl18a9m0QgmRUNtS1inJrEJMZIqgOGEBvuWphEOet9%2BKy%2Fm0d%2BgYWHtEf61Jo5CNclKwvLyA%2Fys%2F%2FHPPajLTxs46ihXoVB%2B04WPMRzZJmNmcbgLr0lu2cCLGgyX7c9vsepmwRk8o%2FCB4DgHhnjVQu2f2b5lm7CCokCaCXOAa6uKWQN4b7WstTXVRp4V%2Fd2Kx7G3krbJiQXzryuwwOqJJoQUjPGOQe8ONH0z%2BSCkY17wbBPmumpxR5StpZQCyTBKjRp2D9pkBhcJdqPQCXkTMM1plBQtkhaEWAH4rmffCEz8BARFBBPVFkyPgtEG0EgLSv5SYzis5SVdiBAX6a8RKlG0H56J6GhRAoCVIyo%2FGdk1xvoMK6DU755KCZVIEumZZd0C6e2Zyps4U6T5DErBvcQeIaAGIIQRnJcrzv7qxUH%2B3YmANEFxCcMlz2XW%2BNFP4PMPHCnudPTZjGRUD3iUVbX%2BbO9eE5nQRgY3VKHCdrhQdcPl5HXQGJKugG4rJyfHICEQpPL7Rm%2B2fyhjEhHR&nvMid=29030420587&catId=50001519
Apple 아이폰 13 프로 512GB [자급제],"1,649,990원",https://cr.shopping.naver.com/adcr.nhn?x=SpYXyWUMR6nw1ASFzTgkgf%2F%2F%2Fw%3D%3DsMZh2ThSoDb2F5pQt97%2BuL00gVS8n2OiMjRGg5TOxfyVN4NgkrPIjlczCBjhk2dSMyUMazuowhKrZnIkgrHyhQCu8tkzbadPuicmMKdjR%2FUDeSpjYYmBIfdB1kv2Vqitw0FgPde7yAtdbAaRqa2%2Fcxcv%2BjB2erv%2BZ%2Brrs5VHOiTQgGE7%2BZatKjf5hEf1XctkKNFREFE4RmsfSignvaSrF05bkCnZt3PKDnGtnPfTpWXV9gLRMuJH34gK%2BdKxxm2wL%2B%2F2GdmTsPmkvX%2F%2F19lGJu6sJF1TG8DXvuOXRWh2aiSE1QmeK3ZPITzKHcbEnR%2BI8EJCz8%2BrShVEGBC28nR8gJhBFL7jk4aBeO5qPYY9kwAXYe9CsbWrnsboog%2B94RL%2FIoMx5FtgI%2FdkFjOJyFrUSfYRe7uHgyNF3WXsM9BHB6lpFx37WIyrziE4Ps6WrDu%2FET9Lvfhn9NmZebq06Rt58vdYrmhd6z3mr51lBlAzJFvLL%2FnGINkSYp%2Bd2xAAY7UDnMgw5RnrDtRIbB51H7ojD7ZLSjbnzN3n5TJv246SGhpGdSlPOZBN6V54TTL6u%2FzFsU9fJynUufafuWp74qxpiSd7Z%2FLGHsngLbAwPW%2Blz8mvLVWGr8fvvH1mWvUgXPK6j&nvMid=29030416587&catId=50001519
Apple 아이폰 13 512GB [자급제],"1,340,000원",https://cr.shopping.naver.com/adcr.nhn?x=GyMlGyTr3UsLYSfEAsVHOf%2F%2F%2Fw%3D%3DsObXjT%2FsIaHbIvmCf1u0Dex8Laif5FICMESjaw9m6tpmGgjNtjvRyY8TaEm3AQ5Uwx%2Bxu%2FxKF2Zw%2BmUWoVDl%2FxWzKMuXpN3VSQydPnSUH9ZJ3sOl18a9m0QgmRUNtS1inJrEJMZIqgOGEBvuWphEOet9%2BKy%2Fm0d%2BgYWHtEf61Jo5CNclKwvLyA%2Fys%2F%2FHPPajLMeLn3DEnnxE0ondyd3T%2BMGNmcbgLr0lu2cCLGgyX7c9vsepmwRk8o%2FCB4DgHhnjVQu2f2b5lm7CCokCaCXOAa6uKWQN4b7WstTXVRp4V%2Fd2Kx7G3krbJiQXzryuwwOqJrGehKExm96RVFQr8PxtMpFiHyJF6BF%2FjM8akTfWkabtKjRp2D9pkBhcJdqPQCXkTMM1plBQtkhaEWAH4rmffCJc2fRp53vU8KOS3e4g6wtALSv5SYzis5SVdiBAX6a8RV6t8HXqZa3NSP32GK7Hl5M%2FFIf4yGPCeFlgQd%2BW1h9K7A%2F0vSPti8cHY4o2fastwFFwWGfv9KvZGwQZiH8RfKnIEDUbDOJyaa%2F74zr6M7zoRpOFzCbaM6OU97uoPifjr%2BDp9BeDjPIz2QmjCmkpj6bVPD8xDlVvf%2BO83cUiY61YdHI8FZtQVGFZJxOyBDKc%2B&nvMid=29030496586&catId=50001519
Apple 아이폰 13 프로 256GB [자급제],"2,298,100원",https://cr.shopping.naver.com/adcr.nhn?x=EL7UA%2Bhm8ezwXJ0DuM61vf%2F%2F%2Fw%3D%3Dsh2nJqiT7GMhUoBrfF%2BgtT8sbocj0u%2BKaHvGJ16O68wRN4NgkrPIjlczCBjhk2dSMJ2GWVljgMnkCCcg%2Fe83v7Cu8tkzbadPuicmMKdjR%2FUDeSpjYYmBIfdB1kv2Vqitw0FgPde7yAtdbAaRqa2%2Fcxcv%2BjB2erv%2BZ%2Brrs5VHOiTQgGE7%2BZatKjf5hEf1XctkKTT%2FocsSnTqc5cndsp5Os6ZbkCnZt3PKDnGtnPfTpWXV9gLRMuJH34gK%2BdKxxm2wL%2B%2F2GdmTsPmkvX%2F%2F19lGJu6sJF1TG8DXvuOXRWh2aiSE1QmeK3ZPITzKHcbEnR%2BI8I%2BAhcb6WNRI6u5WNNM3MIF1TBchEasnVHOQ7zynMfsbYe9CsbWrnsboog%2B94RL%2FIqRmBH14lV10Et0WsQWS%2FU4Pk2vryFU100lCcPyTJO%2BBFx37WIyrziE4Ps6WrDu%2FET9Lvfhn9NmZebq06Rt58ve5jnTGDpKGObFTyhFRkGDTL%2FnGINkSYp%2Bd2xAAY7UDnZuR%2BZ455CVM%2FNW%2BY1%2F9iK2zDmkh089quGFNv2XiDjEGdSlPOZBN6V54TTL6u%2FzFsA8E9dZUXiH70SFYBGMML4g9gwIKeeNrf8l67bX1PyBnLVWGr8fvvH1mWvUgXPK6j&nvMid=29030492586&catId=50001519
Apple 아이폰 13 프로 맥스 256GB [자급제],"1,963,640원",https://cr.shopping.naver.com/adcr.nhn?x=rk1tKYw8G5JcjK%2BNCUUref%2F%2F%2Fw%3D%3Dsm3lcX4DdtLy1UWIQHmkBUlQ061PqVkPit1GP3HoWssKGgjNtjvRyY8TaEm3AQ5Uwju9gyBR9jMHLxLW5HM5b3WzKMuXpN3VSQydPnSUH9ZJ3sOl18a9m0QgmRUNtS1inJrEJMZIqgOGEBvuWphEOet9%2BKy%2Fm0d%2BgYWHtEf61Jo5CNclKwvLyA%2Fys%2F%2FHPPajLFwJLY7jZl%2ByD9qyNvqbno2NmcbgLr0lu2cCLGgyX7c9vsepmwRk8o%2FCB4DgHhnjVQu2f2b5lm7CCokCaCXOAa6uKWQN4b7WstTXVRp4V%2Fd2Kx7G3krbJiQXzryuwwOqJjAibQaiIGcrG%2FZ81RwqJnoui4uyTu9cLEte4GcJcuPRKjRp2D9pkBhcJdqPQCXkTK1s3piY0W43aIWUe83IvQj7sbyFHJqYOcBbuxBSuRu0LSv5SYzis5SVdiBAX6a8RKlG0H56J6GhRAoCVIyo%2FGe1iJjqSOPOSdnx5b1oBHB4PVL%2B%2Frl5PLPXtI0kaP8PkmKdeEMdUbtmzDI4Aa7HQcZCzs9h0%2F04dxB3j756UcCr8Ij2JdikVJ%2FB4CkvRUCiAjr%2Fvhuz%2FM2bOeEg7k3nONREs6jB9C7MPOuoXHYo4mSfAjvHbKujLraF8ZWxiIpqOQdAiJdwXirBRdnaxfvrBbw%3D%3D&nvMid=29030294588&catId=50001519
Apple 아이폰 13 프로 맥스 128GB [자급제],"1,438,000원",https://cr.shopping.naver.com/adcr.nhn?x=PgJoh1mL6weqgvsc3KdJkv%2F%2F%2Fw%3D%3DsDPs90A%2B3KbJPrjeCv9MFKhYPqek0Ox79vKGSLeG%2BkdCGgjNtjvRyY8TaEm3AQ5UwZBmZu4IHZIG8jKOImTc2m2zKMuXpN3VSQydPnSUH9ZJ3sOl18a9m0QgmRUNtS1inJrEJMZIqgOGEBvuWphEOet9%2BKy%2Fm0d%2BgYWHtEf61Jo5CNclKwvLyA%2Fys%2F%2FHPPajLCLK1IiVYHoJNpNr5Mls8y2NmcbgLr0lu2cCLGgyX7c9vsepmwRk8o%2FCB4DgHhnjVQu2f2b5lm7CCokCaCXOAa6uKWQN4b7WstTXVRp4V%2Fd2Kx7G3krbJiQXzryuwwOqJFg9Rxz4tp5AMem9YUOd2gdobEHvuBMzY0oJoqD5km%2BlKjRp2D9pkBhcJdqPQCXkTTnW3yIF%2Bz51ob0Yyo7%2FKwZ6XZBt1xwiSG7aryhXnhA8LSv5SYzis5SVdiBAX6a8RKlG0H56J6GhRAoCVIyo%2FGUAVJpqBLiiByEqDGwZ5AOMPVL%2B%2Frl5PLPXtI0kaP8PkmKdeEMdUbtmzDI4Aa7HQcYTSWbb45WGOg3KSJ9f0heDSi6001qkvFG1UhqguGbfWjr%2Fvhuz%2FM2bOeEg7k3nONZBMR4GZXL4opjF8fpc%2BnemXPfLkMxHc5Th%2BcFMW%2FMiAQdAiJdwXirBRdnaxfvrBbw%3D%3D&nvMid=29030367587&catId=50001519
Apple 아이폰 13 미니 128GB [SKT],10원,https://cr.shopping.naver.com/adcr.nhn?x=FAzg5sKK0cb8Pqgx2YMC2P%2F%2F%2Fw%3D%3Dsk05hZ9Ewnt3qx1GsjU7cUOSASC2d8bQgDBVZ6I%2FURNpN4NgkrPIjlczCBjhk2dSMcuciR8g8MlL0XltfE6gYvCu8tkzbadPuicmMKdjR%2FUDeSpjYYmBIfdB1kv2Vqitw0FgPde7yAtdbAaRqa2%2Fcxcv%2BjB2erv%2BZ%2Brrs5VHOiTQgGE7%2BZatKjf5hEf1XctkK93Zrej3qYq3yaEzFx0yslJbkCnZt3PKDnGtnPfTpWXV9gLRMuJH34gK%2BdKxxm2wL%2B%2F2GdmTsPmkvX%2F%2F19lGJu6sJF1TG8DXvuOXRWh2aiSE1QmeK3ZPITzKHcbEnR%2BI8Zq3d37fKhORsaMv1OGXIRC66%2BXb23oxPvv1Z2cbYz5Dlp1VU53fqxlKTBT%2Bu6wKCBDfhREPGGG6lSF5KrzgH8oPk2vryFU100lCcPyTJO%2BBFx37WIyrziE4Ps6WrDu%2FEC%2BPCK4hWZVak%2FmlGHuf2bMAd1loMGnbAg6635fmugIdJm%2F1ne9lUZdiLJ5vX8PmzGs4aA9cry75%2FxBVxV3dzA5TL3ruaVJreZl%2BplMuLoOolhX9y%2Fq9uVoYBZ7kBziY40yNKOOelUavyQqzDrp8gLlaFndIwdNwuWmKtx1HNSCrUkiyUGZ3FpPHvE7X48%2Bhb&nvMid=29030427586&catId=50000246
Apple 아이폰 13 프로 1TB [자급제],"1,826,990원",https://cr.shopping.naver.com/adcr.nhn?x=SscASjSikZl%2B2hbyWrFPjf%2F%2F%2Fw%3D%3DsXZSC3dqFk6MHwS9qWjiXF%2BFspVPYqX0t88YZymX8XhSGgjNtjvRyY8TaEm3AQ5UwuZ%2B7c%2BbEkR06OyqnV2oJF2zKMuXpN3VSQydPnSUH9ZJ3sOl18a9m0QgmRUNtS1inJrEJMZIqgOGEBvuWphEOet9%2BKy%2Fm0d%2BgYWHtEf61Jo5CNclKwvLyA%2Fys%2F%2FHPPajLnGSGtfC7HsVtItJ58Wx%2BqWNmcbgLr0lu2cCLGgyX7c9vsepmwRk8o%2FCB4DgHhnjVQu2f2b5lm7CCokCaCXOAa6uKWQN4b7WstTXVRp4V%2Fd2Kx7G3krbJiQXzryuwwOqJ7C8tZy9un1PeNMEuBI73qCOLutlipkb4uf5CPLLkJmlKjRp2D9pkBhcJdqPQCXkTJTyOtdpNmqs6E%2FnW3NDtTp5ENhlNoaBccY7%2BVndAI08LSv5SYzis5SVdiBAX6a8RKlG0H56J6GhRAoCVIyo%2FGb6wTyZTOa8p8nD0SxKNNSAUVxRG4ldwD1%2BkE4NgSPi6NNotVOjABJjx1NK3Vtd%2B89KqBQTYy7Kno8mGvG0WOw4BhNg6pO%2F%2Bw6bSRwW%2FduOksCcj6jZbyWxwIWoLxvzX9cfgLVyzHd5fHi0p8N%2FUQbjNjqh%2FZemCCOboDhnweAmG&nvMid=29029192588&catId=50001519
Apple 아이폰 13 프로 맥스 1TB [자급제],"2,039,790원",https://cr.shopping.naver.com/adcr.nhn?x=kj4sNjv5hkTmDcW9aJwu8P%2F%2F%2Fw%3D%3DsgVzwV3pkIFZxCyjLRJgtEbXedi7ydZ2ytZq15wNnNtnrlQPyQuHoHFsppYbPEdHapT6zwc8hM4bHCpIP4GRaPrHh6jQirbZsyhrLaBG3tkuIIYXEzG868jffaZIevPwQjwOs56kTwDMsAYkhOjttPoZnlrSZr8PDPdBCvs8uWtdeJxHcKH4rYUhc5SxvGs%2FQpzgsJ2kpGxXbBjzCtpBxWyJO7jbxAC%2FhHJnJbE9pD225SET%2FmTh%2Bwr3iKnDGr9FRYRHVdy%2FpoSYDlmIdkSQz3RrkAfQLiePex9rMf0Idis%2FBz7%2BORHa%2BX777%2F5U82WuFRDpykpOqWZgZqWcBmVwRDcr%2BrnLMmNs02qEqe6AXW2g6JIeyjRJJG8AQSjlBThBKRuaDR2LrEXFDwvTptY5wkeka0Jkw1HaXkrcvTwRjPIciNvEAyH7XT6ObGe95mRdUsw%2FEBFoDxdMAZ4HSpGP%2F1pX9tJKCP7b5KKDylXiHlhEN%2FOXq06xFLlMCwNDQObjPLcqEhOiscytOptfh0D9%2BAhMvoWJm4MsF06%2BKgL3Nir6nxvl1NglSpyFbQqAkGZOCEs8cFUTVf2EXpmSuc9bAhIVP6%2BpJ926fiYMBXqAFK2CZfBXnMQ4u4wV8GgodVg3sHRyPBWbUFRhWScTsgQynPg%3D%3D&nvMid=29029192590&catId=50001519
Apple 아이폰 13 프로 맥스 512GB [자급제],"2,396,800원",https://cr.shopping.naver.com/adcr.nhn?x=CtE1rHjzMCOLJTbpWqIqk%2F%2F%2F%2Fw%3D%3DsfEJVddJLWTApVOSx%2BH9GVyrl%2Bj5q2ACwx8MYynIn4c%2BGgjNtjvRyY8TaEm3AQ5UwgxdqZc9rPcVPLTZUQy4FmWzKMuXpN3VSQydPnSUH9ZJ3sOl18a9m0QgmRUNtS1inJrEJMZIqgOGEBvuWphEOet9%2BKy%2Fm0d%2BgYWHtEf61Jo5CNclKwvLyA%2Fys%2F%2FHPPajLTOU9n1bTq7tWXjznfA1Q12NmcbgLr0lu2cCLGgyX7c9vsepmwRk8o%2FCB4DgHhnjVQu2f2b5lm7CCokCaCXOAa6uKWQN4b7WstTXVRp4V%2Fd2Kx7G3krbJiQXzryuwwOqJRY0d9Gx6Da48f%2Bxh95Q4ckchIacFP8xrziZtg2viJt1KjRp2D9pkBhcJdqPQCXkTJTyOtdpNmqs6E%2FnW3NDtTti0NhztotYo0jz4rJ1Y4rsLSv5SYzis5SVdiBAX6a8RKlG0H56J6GhRAoCVIyo%2FGUKLBap3kjYbJS2JknJPJQsPVL%2B%2Frl5PLPXtI0kaP8PkmKdeEMdUbtmzDI4Aa7HQcRxeSgpIXq%2BnAY%2B%2FpOvBuQXVoiQsXRxvHjVn7lKiN1hWjr%2Fvhuz%2FM2bOeEg7k3nONb0jkDX9eYhOAgspsdwJL%2B%2FympQE2a13mObubYhS2xTZQdAiJdwXirBRdnaxfvrBbw%3D%3D&nvMid=29029192586&catId=50001519
Apple 아이폰 13 미니 256GB [LG U+],"506,490원",https://cr.shopping.naver.com/adcr.nhn?x=TI7pjNbqNXRXuT4sPE5LPv%2F%2F%2Fw%3D%3DsoDwEgw5t2K%2F%2BaaWlPqtrTF%2FnBgSL6mKL6DzN2QH54kzrlQPyQuHoHFsppYbPEdHahmu%2BDMDcSxJmUfZ2p2BMKv%2Fe7Ls7vri91%2FyNg5%2FBn46IIYXEzG868jffaZIevPwQjwOs56kTwDMsAYkhOjttPoZnlrSZr8PDPdBCvs8uWtdeJxHcKH4rYUhc5SxvGs%2FQnwz90lFjKTTi05jxFVvTqSJO7jbxAC%2FhHJnJbE9pD225SET%2FmTh%2Bwr3iKnDGr9FRYRHVdy%2FpoSYDlmIdkSQz3RrkAfQLiePex9rMf0Idis%2FBz7%2BORHa%2BX777%2F5U82WuFRDpykpOqWZgZqWcBmVwRDd9ONtPO0PBw4BYHaWiSMeo6JIeyjRJJG8AQSjlBThBK%2Fkpsg5AguUQPduruz0ll4a3%2Fx23xPmhbHRATBgnysoEiNvEAyH7XT6ObGe95mRdUsw%2FEBFoDxdMAZ4HSpGP%2F1rivoNgdpiF8zc9hyizKCS4OTnITeXUIiGAT3tHOc0GbTKo5CnlLrO%2BPacbML5XxEfTq1DZFaJHccCiPKWOfkWoBhNg6pO%2F%2Bw6bSRwW%2FduOk1qe7IRkJIzbxs4avDRxf7CQQoNRA1MfE9E%2BoIGy4uILNjqh%2FZemCCOboDhnweAmG&nvMid=29030376589&catId=50000248
Apple 아이폰 13 미니 128GB [LG U+],"96,490원",https://cr.shopping.naver.com/adcr.nhn?x=512GijxYrgMzHhmSdaau9P%2F%2F%2Fw%3D%3DsZ24%2F9zWWrDd8wpuIBr17h59Wo0tz2ROQu2ntOunKwYzrlQPyQuHoHFsppYbPEdHawqpTmEAsHjBTZFL%2BudXzFjNai%2BaOnxrfrYWDeJ10gzyIIYXEzG868jffaZIevPwQjwOs56kTwDMsAYkhOjttPoZnlrSZr8PDPdBCvs8uWtdeJxHcKH4rYUhc5SxvGs%2FQ7pbwbHSh%2FX5BFJKMjiN3fSJO7jbxAC%2FhHJnJbE9pD225SET%2FmTh%2Bwr3iKnDGr9FRYRHVdy%2FpoSYDlmIdkSQz3RrkAfQLiePex9rMf0Idis%2FBz7%2BORHa%2BX777%2F5U82WuFPW%2FWhsws%2BmqKZySCwtxb%2F4oXYCdcQkNwcLyI2Tgszbc6JIeyjRJJG8AQSjlBThBK%2Fkpsg5AguUQPduruz0ll4S4K84suS6N23CTXtCISUyMiNvEAyH7XT6ObGe95mRdUsw%2FEBFoDxdMAZ4HSpGP%2F1hwOndwKexWj5cBEbwvYNscOTnITeXUIiGAT3tHOc0GbTKo5CnlLrO%2BPacbML5XxEdVssx8dFI04WGh5ZQPnNdadSlPOZBN6V54TTL6u%2FzFsbWm7yQW1Ub8DPtsAyPXo07QKLV%2F14U%2F9YAbArdLuY1BoaKZHilHbuauHUigNM5KA&nvMid=29030431586&catId=50000248
Apple 아이폰 13 128GB [LG U+],"147,500원",https://cr.shopping.naver.com/adcr.nhn?x=Ry7K9mUEK0LuxCbo7%2BjxAP%2F%2F%2Fw%3D%3Dsb2UTV4DVY4RZmsche4jl7HkvdDhRexm%2Fn07ljT6mdtiGgjNtjvRyY8TaEm3AQ5Uw3Ss5bO0StBLlPhO4ikqNOGzKMuXpN3VSQydPnSUH9ZJ3sOl18a9m0QgmRUNtS1inJrEJMZIqgOGEBvuWphEOet9%2BKy%2Fm0d%2BgYWHtEf61Jo5CNclKwvLyA%2Fys%2F%2FHPPajLF5xNEd4OxamWQ%2BcHLqvQ1mNmcbgLr0lu2cCLGgyX7c9vsepmwRk8o%2FCB4DgHhnjVQu2f2b5lm7CCokCaCXOAa6uKWQN4b7WstTXVRp4V%2Fd2Kx7G3krbJiQXzryuwwOqJIlKKtqDBjJXbTk3%2BWb3xIFInJ4uVVx6thnBbqv9%2FEyNKjRp2D9pkBhcJdqPQCXkTTnUIgeH15izfpnv9piWPIRTeXguLvceILDTsOJTpcCcLSv5SYzis5SVdiBAX6a8RiFsn8y0jIqBOModVs088%2BgSJo18m0jz5bEBzUQZzyqxXnC9JyTQx%2BBguXZpkkOaazdxwfnS8KSERSep4CCZ5dhA%2FQShgk8bw47r6omd%2FTOt7N0%2BKs0gSFTdhwMrBXaDkj6Er2jEp5EhPusSLNwEggW9TZjqEQTAbFzUBl8432wvhVEAf6wwM5tqtSh0bB5Hx&nvMid=29030372586&catId=50000248
Apple 아이폰 13 프로 128GB [SKT],"1,183,100원",https://cr.shopping.naver.com/adcr.nhn?x=rSVCsf1J2uCxZgfAqVqlrf%2F%2F%2Fw%3D%3DsMXfLqR%2BE7Ltb51047iE9AFr1Jh4f8QJ6u%2B0Q6r2vRimGgjNtjvRyY8TaEm3AQ5UwRCbwwQKw7uUYqMCjXJqfx2zKMuXpN3VSQydPnSUH9ZJ3sOl18a9m0QgmRUNtS1inJrEJMZIqgOGEBvuWphEOet9%2BKy%2Fm0d%2BgYWHtEf61Jo5CNclKwvLyA%2Fys%2F%2FHPPajLjFhbpbwSIY2kR%2B6Fb8GsqWNmcbgLr0lu2cCLGgyX7c9vsepmwRk8o%2FCB4DgHhnjVQu2f2b5lm7CCokCaCXOAa6uKWQN4b7WstTXVRp4V%2Fd2Kx7G3krbJiQXzryuwwOqJKzk%2FF%2Bc6JRfgQptY7%2F3sDXiuADWyJi4Ik24jRnYtECRKjRp2D9pkBhcJdqPQCXkTmXMsLVSaqrj%2FW%2BVAEodPfH5nh%2BAnNxPYKkUqikSNLgQLSv5SYzis5SVdiBAX6a8RKlG0H56J6GhRAoCVIyo%2FGZ%2F1s1as4pd2JHIUzmqIyTPyNHyBUXwWVD2ki0TxnNzyQ9eYecsS7aZYltJVKPVUQ3nw8aQeLRqhBpq1dLuWvjZicchwRNwmJ84TyxvjggzFfoRLkBW1FO39VrGOFqwVeEGCzViDH1FoxdSb4gSoULwOEsHC78VBLnFZh%2FnDobeN&nvMid=29030177588&catId=50000246
Apple 아이폰 13 프로 512GB [LG U+],"980,000원",https://cr.shopping.naver.com/adcr.nhn?x=ev%2FaXYqLgYuvIekEDs82Jv%2F%2F%2Fw%3D%3DsKGRQTT8x%2Bwu8woivFqXaLupNCh2OxbJurxYoa3kgXHzrlQPyQuHoHFsppYbPEdHaXK742HJpp90WvoCSDk8t4iMfNdLHGrZ7c%2FjT2rfUVlOIIYXEzG868jffaZIevPwQjwOs56kTwDMsAYkhOjttPoZnlrSZr8PDPdBCvs8uWtdeJxHcKH4rYUhc5SxvGs%2FQSPWiJ7SXrJmKgRhytiKLlyJO7jbxAC%2FhHJnJbE9pD225SET%2FmTh%2Bwr3iKnDGr9FRYRHVdy%2FpoSYDlmIdkSQz3RrkAfQLiePex9rMf0Idis%2FBz7%2BORHa%2BX777%2F5U82WuFRDpykpOqWZgZqWcBmVwRDdFKNGPTpD5MxwsJBq%2Ff4FI6JIeyjRJJG8AQSjlBThBK%2Fkpsg5AguUQPduruz0ll4Y%2FLFNn3CgktFAHLJkCBRg0iNvEAyH7XT6ObGe95mRdUsw%2FEBFoDxdMAZ4HSpGP%2F1v1aZqv48E5V7I5kN9w%2BLZIOTnITeXUIiGAT3tHOc0GbTKo5CnlLrO%2BPacbML5XxEeThe%2BXnl4VZpAtNjPGpR3cBhNg6pO%2F%2Bw6bSRwW%2FduOk8vAHJ%2FgCLLbbtcj7j45cd1KWJbbOIVGjiBDRO9eJaIzNjqh%2FZemCCOboDhnweAmG&nvMid=29030295586&catId=50000248
Apple 아이폰 13 mini 자급제 256GB 핑크,"1,046,400원",https://adcr.naver.com/adcr?x=Dq9k0n3MkGpw6JtEMmFHB////w==kDcu9rGgotJDA+1WgGCvtjl4ecc5jP0SKFLSKPU8ATEh1cB1+jL0Kk+7TclZkLxt1pjaOkX+JlwGHFcY6sBrCSnCwZbfz8twewzAdQEwd8rk0/OUYQPSS3odce/cPOlXJ3jJh+8TN54DLm1Bu9iXKB1m5eJWE+zfybL3ir/TCVONLSEhKAqwh4qZsptSOT4MHVUGimFw4p9MUMmLxG8G14K9PHYL+3ZkBgVxwmf37kb//Nl+1vxlQqQZSv5p5GUQRIgA5xKT7CcUO9M8bEEQ56bnGMtr8PERlHPoLC5l+x3s48q0c+lzqDioggM8T6Z7GtiRE4NjD29UOJBCnkeH+4biW0HOeyA53ykMsxAEqQeSBKdYWGLjXDIiyLjGbk63TsbQhPe9dUJ8gMgwkwq3nEzB0awWoFsGrt3IYXKL1B27bzafDO2PLnoWfzkZwxSO50tuYt4lf/nA0NOXFa3juHbv/mKinO0+Fn2Y/V/qSAow1aO64jNHcbt2AJVtT4P94HY7lyFOlALVFASKsK87kbYxpj3mYK+qJNKHR8Xtd1RLJRPhWe7Ojx4PZd6khTm/1VegNIR9mgt3U/h33M3ICHSEy0BmyuEqokBvt/E3Bdh2IAO9zeb3rHsiG3EjqoIvSNjdxCjlgDOpt9mb+spq8HNe0qfKWrEaOE7Ds1Xes+0FCTC+CzmICSZtZzVbC8vpFaTfxybBDWdfd8pS+LIxuhBzMt3EQ4e7yCCXNC6Qi48kcnGxWQbqK34RDt+1sKbilPnRMZvGXeeH/yXraVD6gjhsoBbiDLONQLghF5/GIO1aa20+9kM87BuxuVC1imEtbtSy6cVGjMKp2FcGajte7K+3ehOXOxafAqhDD1kBLfx4Zp+DUlK4de3ahdjRSem52bpsxcUNxd1mff7O+tmr4gA==
Apple 아이폰 13 프로 맥스 256GB [LG U+],"933,000원",https://cr.shopping.naver.com/adcr.nhn?x=fPb3QqQPwdS2s4ed6EsFUv%2F%2F%2Fw%3D%3DspMCmUX1FwBzlnA7BpZ2L9UF5HjqUyomvJUqKuDaMxcCGgjNtjvRyY8TaEm3AQ5UwxVBlQ3Vct8dRbf02ABzOwGzKMuXpN3VSQydPnSUH9ZJ3sOl18a9m0QgmRUNtS1inJrEJMZIqgOGEBvuWphEOet9%2BKy%2Fm0d%2BgYWHtEf61Jo5CNclKwvLyA%2Fys%2F%2FHPPajLk0DN2OTLGYPWI9hUoo%2FGH2NmcbgLr0lu2cCLGgyX7c9vsepmwRk8o%2FCB4DgHhnjVQu2f2b5lm7CCokCaCXOAa6uKWQN4b7WstTXVRp4V%2Fd2Kx7G3krbJiQXzryuwwOqJKrvc9x38dpyy%2FGXzdXXSJuPD1DhO4ADQ8TFRC81NFhZKjRp2D9pkBhcJdqPQCXkT728voueL%2B8yYcdVUdj5NURGEZAC%2BySYnqljm6AjDPvwLSv5SYzis5SVdiBAX6a8RKlG0H56J6GhRAoCVIyo%2FGe1iJjqSOPOSdnx5b1oBHB7pLKfV7lHXkGfYNhWiUOPtINRw1QNF%2FOPJXb5%2B358LYEPsYDt2armT4V7ADC98JeCUy967mlSa3mZfqZTLi6DquAa%2FrcsBPDM%2B%2BxhTPvlajo2pWtYwRbzEBsvX%2FSl8mHJWhZ3SMHTcLlpircdRzUgq1JIslBmdxaTx7xO1%2BPPoWw%3D%3D&nvMid=29030190586&catId=50000248
Apple 아이폰 13 미니 512GB [LG U+],"448,000원",https://cr.shopping.naver.com/adcr.nhn?x=XUD%2BT8MfCpNGYjxwFF4v0f%2F%2F%2Fw%3D%3Ds3a3ZapKOLY4TXjoxKXIP%2F%2F%2FnsauLYSRZeMH4E925ByZN4NgkrPIjlczCBjhk2dSMVXJmPCy%2FgVtXjoW8ksy8iSu8tkzbadPuicmMKdjR%2FUDeSpjYYmBIfdB1kv2Vqitw0FgPde7yAtdbAaRqa2%2Fcxcv%2BjB2erv%2BZ%2Brrs5VHOiTQgGE7%2BZatKjf5hEf1XctkKiUcxJt3KuQoVz4dC4LwqcZbkCnZt3PKDnGtnPfTpWXV9gLRMuJH34gK%2BdKxxm2wL%2B%2F2GdmTsPmkvX%2F%2F19lGJu6sJF1TG8DXvuOXRWh2aiSE1QmeK3ZPITzKHcbEnR%2BI8tSKiJ%2ByBvgXEFWB%2BcFgO%2Baabz%2F%2F%2BqMmGZro%2BP4%2FhSJ3lp1VU53fqxlKTBT%2Bu6wKC4G5Q6KKxRauAQl%2F4z4FU5IPk2vryFU100lCcPyTJO%2BBFx37WIyrziE4Ps6WrDu%2FEC%2BPCK4hWZVak%2FmlGHuf2bFIW%2BY6dtkO5I2VlccU6I9W7A%2F0vSPti8cHY4o2fastwTycQASzesqBc71TANuxPl9KBwVXIhLu5Jr9c4Zx4M3USzxwVRNV%2FYRemZK5z1sCEOJjpiF0EtkQyrM%2FyTPgKLQe14v7RkHN%2BbDxYBiFCq5gdHI8FZtQVGFZJxOyBDKc%2B&nvMid=29030419586&catId=50000248
Apple 아이폰 13 256GB [LG U+],"270,000원",https://cr.shopping.naver.com/adcr.nhn?x=FuNPda6L0Q4qhzN%2F9wQCMf%2F%2F%2Fw%3D%3Ds9ba57qFutsYbiwnyZJARysKsDZEzig%2BoVu0MzFQgD2iGgjNtjvRyY8TaEm3AQ5UwuV9ioDTZRXFBuJjEtZTtH2zKMuXpN3VSQydPnSUH9ZJ3sOl18a9m0QgmRUNtS1inJrEJMZIqgOGEBvuWphEOet9%2BKy%2Fm0d%2BgYWHtEf61Jo5CNclKwvLyA%2Fys%2F%2FHPPajLNElogZd7xdnjun%2FvFIpdkWNmcbgLr0lu2cCLGgyX7c9vsepmwRk8o%2FCB4DgHhnjVQu2f2b5lm7CCokCaCXOAa6uKWQN4b7WstTXVRp4V%2Fd2Kx7G3krbJiQXzryuwwOqJ%2Bln5ckTg6JPq4ZTOLs8KMHbs8KIrW7i%2Baosz7LMNTDpKjRp2D9pkBhcJdqPQCXkT728voueL%2B8yYcdVUdj5NURFf92baRHD33QRBAjmiuIsLSv5SYzis5SVdiBAX6a8R%2FCOsDULMzhyS3tcNpyUq6ASJo18m0jz5bEBzUQZzyqxXnC9JyTQx%2BBguXZpkkOaaJn%2Fqto5FZ20g39J3EU8B7TzUaLji1QUfW5FQpucBI9CP9ozmdV%2FWs5eTR9VTjChbyvuWTTBqgdqkdL%2BLIMXcoW9TZjqEQTAbFzUBl8432wvhVEAf6wwM5tqtSh0bB5Hx&nvMid=29030189588&catId=50000248
Apple 아이폰 13 프로 256GB [LG U+],"1,210,100원",https://cr.shopping.naver.com/adcr.nhn?x=gxYuvEx1lMc%2FSSF0JwAc5f%2F%2F%2Fw%3D%3DsbLnxqtRxFYb3WjNW53lfe90XqIuRjYHucEOMUdsO7xqGgjNtjvRyY8TaEm3AQ5UwEvSO%2BYgSck%2FYp2T3DPUrimzKMuXpN3VSQydPnSUH9ZJ3sOl18a9m0QgmRUNtS1inJrEJMZIqgOGEBvuWphEOet9%2BKy%2Fm0d%2BgYWHtEf61Jo5CNclKwvLyA%2Fys%2F%2FHPPajL%2FchmJsHbf2PpzOdNGLpJCWNmcbgLr0lu2cCLGgyX7c9vsepmwRk8o%2FCB4DgHhnjVQu2f2b5lm7CCokCaCXOAa6uKWQN4b7WstTXVRp4V%2Fd2Kx7G3krbJiQXzryuwwOqJVTKaMLCCRQsW25K6nH%2FsST0aJ5LSkdglbejHAff0fOxKjRp2D9pkBhcJdqPQCXkTzAmNCrr%2BriilNNms7VBuf%2BklN3nWUA9YlvZN1SuEICILSv5SYzis5SVdiBAX6a8RKlG0H56J6GhRAoCVIyo%2FGfA4uykOUee4ljrMNIwgjQiE4FQdvRmo7oxOSvwywmchzT%2F0SHiVSGs546tuUjm%2FtoyLcoH%2F85756q%2BQWGM36jwNauEcRynSn%2F8orOK7nc90bLiuyug324KKrT72aSbDS0kngX0%2F4kTYQxHDrp1yMujLVWGr8fvvH1mWvUgXPK6j&nvMid=29030415586&catId=50000248
Apple 아이폰 13 512GB [LG U+],"557,000원",https://cr.shopping.naver.com/adcr.nhn?x=ZkccLtCr16twv0VtF2cnG%2F%2F%2F%2Fw%3D%3DsZy11Nn%2FOiiuecF2wiJX8qqwKWEW8rqIbdsbJnqckj8LrlQPyQuHoHFsppYbPEdHa9ABq1aPkizuAbEwLd5RaU%2F%2Fe7Ls7vri91%2FyNg5%2FBn46IIYXEzG868jffaZIevPwQjwOs56kTwDMsAYkhOjttPoZnlrSZr8PDPdBCvs8uWtdeJxHcKH4rYUhc5SxvGs%2FQeC%2FCX7h%2F3kFml6V6wbycsCJO7jbxAC%2FhHJnJbE9pD225SET%2FmTh%2Bwr3iKnDGr9FRYRHVdy%2FpoSYDlmIdkSQz3RrkAfQLiePex9rMf0Idis%2FBz7%2BORHa%2BX777%2F5U82WuFRDpykpOqWZgZqWcBmVwRDYnz4slpVzBasYMHKNOeIkI6JIeyjRJJG8AQSjlBThBK%2Fkpsg5AguUQPduruz0ll4bOI6Hlvjpgb5uFfnKTUCswiNvEAyH7XT6ObGe95mRdUsw%2FEBFoDxdMAZ4HSpGP%2F1kFDHYnQii%2B1Jr2q%2F2imU85cZ8pgTGru4bgUYhRhw82x0slNiRCUihwCM4raCnU9XktOMYPcYKwlbVsl3N0%2Fcz2Ov%2B%2BG7P8zZs54SDuTec41%2F%2BWS%2FZbpMq%2FGL77KT%2BCtHtWL0hG2wKZDwh%2BmfGtXRIdB0CIl3BeKsFF2drF%2B%2BsFv&nvMid=29030296586&catId=50000248
Apple 아이폰 13 프로 128GB [LG U+],"1,078,690원",https://cr.shopping.naver.com/adcr.nhn?x=Z2frjvunCriqXX26r9coV%2F%2F%2F%2Fw%3D%3DsAuxRid%2Fx5iMvTeIbY1Wm0rH6wNvK8xjiE%2BQHjO%2Bidj%2BGgjNtjvRyY8TaEm3AQ5Uw0BuUfAYtNdlqqIGG7vwz42zKMuXpN3VSQydPnSUH9ZJ3sOl18a9m0QgmRUNtS1inJrEJMZIqgOGEBvuWphEOet9%2BKy%2Fm0d%2BgYWHtEf61Jo5CNclKwvLyA%2Fys%2F%2FHPPajL%2FHNuqNLq1In6IsDDJHfZwGNmcbgLr0lu2cCLGgyX7c9vsepmwRk8o%2FCB4DgHhnjVQu2f2b5lm7CCokCaCXOAa6uKWQN4b7WstTXVRp4V%2Fd2Kx7G3krbJiQXzryuwwOqJy5uX21JH7buLyeMi%2B%2BgWVY3tVSv1yQMOM03MnieIsvtKjRp2D9pkBhcJdqPQCXkT728voueL%2B8yYcdVUdj5NUaYPStBC%2FI0ntbZKRJafmeYLSv5SYzis5SVdiBAX6a8RKlG0H56J6GhRAoCVIyo%2FGe3m4fgGXDdbRBKJQ8iVChOE4FQdvRmo7oxOSvwywmchbhxLgQh%2BXNwZmORkwWTfuKXSC1GHB4iTh0QZrXalkEMNauEcRynSn%2F8orOK7nc90kyEeB111dunWozfzOdL90q8OSuf4rI4wiwrsn5INRojLVWGr8fvvH1mWvUgXPK6j&nvMid=29030175590&catId=50000248
Apple 아이폰 13 프로 맥스 512GB [LG U+],"1,259,180원",https://cr.shopping.naver.com/adcr.nhn?x=jAllCQ1XZvHaUOK%2BbfTGLv%2F%2F%2Fw%3D%3DsnncnEZGu4d0WpEf7kOESqnpLUEzh6S0CaoBb2MQTAmuGgjNtjvRyY8TaEm3AQ5UwTdZsTBcVN2sqddGiJY53PWzKMuXpN3VSQydPnSUH9ZJ3sOl18a9m0QgmRUNtS1inJrEJMZIqgOGEBvuWphEOet9%2BKy%2Fm0d%2BgYWHtEf61Jo5CNclKwvLyA%2Fys%2F%2FHPPajLpCX%2FcfcvGkZ1AroVE1C4VWNmcbgLr0lu2cCLGgyX7c9vsepmwRk8o%2FCB4DgHhnjVQu2f2b5lm7CCokCaCXOAa6uKWQN4b7WstTXVRp4V%2Fd2Kx7G3krbJiQXzryuwwOqJULwwDmjinUPMe9zjEybhH7UCi097cMScJbOiMqAhdxBKjRp2D9pkBhcJdqPQCXkT728voueL%2B8yYcdVUdj5NUUfrJXR2bx90ejp31PFBunALSv5SYzis5SVdiBAX6a8RKlG0H56J6GhRAoCVIyo%2FGUKLBap3kjYbJS2JknJPJQvpLKfV7lHXkGfYNhWiUOPtINRw1QNF%2FOPJXb5%2B358LYBepY1rXWR9iP4DLScgQs2iLMFtr79Q3nfgWEmGcAw%2Ff1W%2BfrCsViFxcA2Q%2B8AdjW2%2BgdGH9jtmQvN2tekwnHSwDfkLIyuldBS3f8m8e6nLmzUhNzs2VE%2B%2Bisqs3JAEppg%3D%3D&nvMid=29030181590&catId=50000248
Apple 아이폰 13 프로 맥스 128GB [LG U+],"1,210,640원",https://cr.shopping.naver.com/adcr.nhn?x=QVVyYZ9SGQdy3k%2F20W%2B9r%2F%2F%2F%2Fw%3D%3DsGQuazSDZFRKT%2F3DQ5E%2Bp6rWcuYJA%2BT%2BdNzAMHJHWXIzrlQPyQuHoHFsppYbPEdHaa7KsMWBsKQC73hdqKm18%2BLHh6jQirbZsyhrLaBG3tkuIIYXEzG868jffaZIevPwQjwOs56kTwDMsAYkhOjttPoZnlrSZr8PDPdBCvs8uWtdeJxHcKH4rYUhc5SxvGs%2FQkNm1xJaKTkFo%2FuhKZ%2F2UvSJO7jbxAC%2FhHJnJbE9pD225SET%2FmTh%2Bwr3iKnDGr9FRYRHVdy%2FpoSYDlmIdkSQz3RrkAfQLiePex9rMf0Idis%2FBz7%2BORHa%2BX777%2F5U82WuFRDpykpOqWZgZqWcBmVwRDVHPCQZyWMonkLg%2Buj7mKkU6JIeyjRJJG8AQSjlBThBK%2Fkpsg5AguUQPduruz0ll4WUpLKxX6NIrMbDYkah2%2BB4iNvEAyH7XT6ObGe95mRdUsw%2FEBFoDxdMAZ4HSpGP%2F1mbbRE4sNae2UQATiGzSdWo%2BYS%2F%2BLHYOR26DZYLoloGYQbJE2qH6sAOiEA%2FCWTmW%2B2Ry5IrXJtHo7%2BomDad%2BYRVJpADAMZeYVEmVZVVS7Gko%2BgtF15PMkmjkNDmi88yMRTfKpSKGGK2QTO5uA0WGe1v0UbNk5di1V8jUMbmtHii%2FBq7h9PA5SrIXrcWPClBGWw%3D%3D&nvMid=29030352586&catId=50000248
애플 아이폰13 미니 256GB 미개봉 새상품 자급제 통신사 가입,"257,600원",https://cr.shopping.naver.com/adcr.nhn?x=1To7JAEZBzqjctuOmHLTT%2F%2F%2F%2Fw%3D%3DsFkZAuh4D6x6XbiIYODWy8HEg4siCe%2FWDw8GV4MvmiUqGgjNtjvRyY8TaEm3AQ5Uw3L690HmFGJjqdQENp0OrnGzKMuXpN3VSQydPnSUH9ZJ3sOl18a9m0QgmRUNtS1inuidA0dqY%2FZAsxeQPqmVNgVi393%2FfVqWWsor6vo8eno%2BO%2FsdgQE5FIA0Tw1QMogpFNB5Zm7Tdc%2FO1G1e3LM0T4u4OU15%2FNp8y466KF0QwLBGWaN5Hy7xVlguAZCqxhKuYGuQB9AuJ497H2sx%2FQh2Kz8HPv45Edr5fvvv%2FlTzZa4WX%2Bab5CuTWBzLxLBA%2BCZBRmYyq%2BBGzAy9wnAJk2ik0%2BVhkUshswqQI4dLspz8OD319kbUB5kgnDxMGOw4AMghfb0Xf0g0Lu5jHTxjfnEH4Oe0O7wm%2B67JkV415rrRl2KnpTAmpGgLtQz2noxLeOhYDowaPEIbD%2FsWbL2qwraMZEKR56gLL%2BuX1xH29iUDz4EqM6ZbLb49kgpyAHbrNf52kdcVmQGN1bv7rVlmNYYnTWkdpsnvl5ps%2FGprqu2Kja24vxp7Rp4pA%2F81XmJGLApNKjwYpjw2cDrbWY3K8FHJWfSWfiWViAKUsjFe25Hm41tMVnpQ8is0ekfIWH77eb4BUaGimR4pR27mrh1IoDTOSgA%3D%3D&nvMid=38216509668&catId=50001519
애플 아이폰13mini 미니 128GB / 공기계/자급제,"798,000원",https://cr.shopping.naver.com/adcr.nhn?x=DlsVIbhdm6aWN%2FmuGDUGbf%2F%2F%2Fw%3D%3DsbIHUwMHdp2WvcF%2FUeYul8v1aPsyHow6U6WyQBwaiMmFN4NgkrPIjlczCBjhk2dSMLgfeNBnKB8EWdgFiCtlUZCu8tkzbadPuicmMKdjR%2FUDeSpjYYmBIfdB1kv2Vqitw5n2ver7r%2B6R4D9DA5iS6bMVIhUTYq2J1wF4XcKD2AOWkOA3ZateG%2FY8eKxwX1E0NqgWSF7nY2jb41LowC%2BvOj7tmTezr8dwzsCc2XFb4Bx7DpmNu2Rs3tEPrV0ZTODsbWqyaFa2xLbpwGCJChqMDqm6U6YhJhTimx4otZPQDI57o5EGyTUCeb6dIWM6cFFumK98KaIZa4VBE0V5wqYGSTgulIWxBnmzCGWgW5qVBAnKMHn7BDBNaqXNmoKbAeTMvqFhqHKlMAtG06yfdqTanlcT4WlGyJdeyVhal5D01ogzOurQJSmG%2FryKOM6D8j8Net%2FaFy%2B3sF%2FfRnjPe25Eg%2Fgns32arFBmOsqWOTnIqOL1D9FXWzbBzlHFtZykTJJgzdH0g2z1mnGI56RXn%2BRsxcQw7hfnB1Rpkxnm%2BkiaImscyE2dfiNLyXOBrX3SzkwHYkAqb0i1WkHMSu0B%2FNWK7ooVsN%2FiAcjmtIwlTUFZwg6A%3D&nvMid=85266277029&catId=50001519
애플 아이폰13미니 자급제 미개통 새상품 공기계,"639,130원",https://cr.shopping.naver.com/adcr.nhn?x=fp1yMbNKehbBOevJY5LUxv%2F%2F%2Fw%3D%3Dscdob6x1DvyEsVHWi%2FV8sD%2F%2F9DwPVtt3G55l%2FJpu9lbuGgjNtjvRyY8TaEm3AQ5Uw55WXqq3C1aCjSKrIs7sHb2zKMuXpN3VSQydPnSUH9ZJ3sOl18a9m0QgmRUNtS1inuidA0dqY%2FZAsxeQPqmVNgVi393%2FfVqWWsor6vo8eno%2BO%2FsdgQE5FIA0Tw1QMogpFlgZINJvW9WLOWr40mCdUJB3FRLHig%2F4bylRguMYs1ISWaN5Hy7xVlguAZCqxhKuYGuQB9AuJ497H2sx%2FQh2Kz8HPv45Edr5fvvv%2FlTzZa4UjLGm3ukO3dsMODXlarMNT78opqK0lSmgdhXvoEJjgc%2Bp2LdD%2BbxXYDmNHXbecDBkYpkVkrepdDeHRh%2BsGqfWg5zYZu%2BaWXVX%2FE4mrMI%2FUe%2B0O7wm%2B67JkV415rrRl2KkGGyNBPCSmV9jU3t2zwsf4JwGsw6nFfKn3Yd32q5ym2Z8m8k7AO840dcfQmxI5FrxV3X3IXui7%2F1zpPLRbwG1Cy2Wz4vcfN8gyw4opVLZbYoh5CIcK8V6nvXStMUpJ%2FZx8CXl251OpmWizflz2KEWcshQ0kr4Ab502McK%2Fr1%2FEoDn7zr10uMka8ZIDCo10DI%2FHICEQpPL7Rm%2B2fyhjEhHR&nvMid=37132826775&catId=50001519
아이폰13 미니 128GB 공시기준 Apple iPhone13 128G,"39,000원",https://cr.shopping.naver.com/adcr.nhn?x=TuGYL5AT6WNKbtSik3pou%2F%2F%2F%2Fw%3D%3Ds1jTeLfHqO4YU9KIDfQFM%2Fy%2Bqr%2F0Yo0pILrL6Tann2kaGgjNtjvRyY8TaEm3AQ5Uw%2FdIqaINuyxzAC%2BRO2%2BUyQGzKMuXpN3VSQydPnSUH9ZJ3sOl18a9m0QgmRUNtS1inuidA0dqY%2FZAsxeQPqmVNgVi393%2FfVqWWsor6vo8eno%2BO%2FsdgQE5FIA0Tw1QMogpFtsLd9dxlQkFynw99rKTzVmM%2FC5%2Bczn9xbnwOyLekqASWaN5Hy7xVlguAZCqxhKuYGuQB9AuJ497H2sx%2FQh2Kz8HPv45Edr5fvvv%2FlTzZa4XdFUV2jDT%2BNmzcEM3aNwXWMg8xO6NnA4LE78vlVBBC9ep2LdD%2BbxXYDmNHXbecDBkFMHW5gS42v9M%2BTlphZZaybrWWh2aEEyeLsyBd2JyxQ6GjjtClkoSqwO2YYtmDB4nTjN8i0m64IHsYHlMEa7vMfseAv6YZIZWxWTcVpgKUbDbipPVtyYpPYC5H0y6VpjM7Xyt0PYoXdxQxsEF5Rm%2BDkVYfpRDNTUUOC%2FJlO2s9RNOf4i9zFrBXE2548%2F2S163bNv2hbUEzkZcib8e5pAbCTGh7jmO9YxEHQWdU%2BCu22%2FWugloQMsTWU9hLuOi1ltFB0CIl3BeKsFF2drF%2B%2BsFv&nvMid=38665575984&catId=50001519
아이폰13 프로 맥스 256G 미개봉 새상품,"1,376,310원",https://cr.shopping.naver.com/adcr.nhn?x=Bq2W2i7lneXZ8UTAFkMz8%2F%2F%2F%2Fw%3D%3DsjVqLfCdaVSJFrD5W2zuI4by%2BYCKpk%2Fs5%2BkeOZnrqPeWGgjNtjvRyY8TaEm3AQ5Uwmo%2BoCezxJArRC6gVflTcB2zKMuXpN3VSQydPnSUH9ZJ3sOl18a9m0QgmRUNtS1inuidA0dqY%2FZAsxeQPqmVNgVi393%2FfVqWWsor6vo8eno%2BO%2FsdgQE5FIA0Tw1QMogpFWiiC3KEKHsjuenm%2BCUC%2F61rMDRZmLR6leQIsNBXgbTQpWsTBrNqCb4BrWg8LLZxgpL0UjtwrwjMfoODr%2BYZYkgez%2FY8eSma9aMvarLWce5uHSPhDvOg5Z1mwG4Ocv4x2%2Bw8IFt79E3uO4UEdP0RI0JSqpUqVwytEfwE33R4FuWVg6I95URkE8EmQNc4HYV5Wlj8ZqqLrMQdm%2FheLC8N1SAkOsXAlc7oLvJeodOBesYkdBQ6BsLcTfucSTtLEakEj3C7HM8w%2F2UBR0%2FTmKDOfPknkj%2FRYmnP6KQzoPswD39NvbQn8u8Ff1OsJ74f1KxK%2BL71jo0K6XxlTJwRR%2F7caKi6CIOHlLyf7tFzQx427OB3qAZb%2BdTYK2wIpeNCW%2FjlgjWMMUqv%2BwwcT8isJQdU0leR79U%2F6Az3gE9mQ%2Flgn57E%3D&nvMid=30717563179&catId=50001519
애플 아이폰13 미니 128GB 미개봉 새상품 자급제 통신사,"99,000원",https://cr.shopping.naver.com/adcr.nhn?x=lIfqlvoSpzDrVN%2B7Y1TFVf%2F%2F%2Fw%3D%3DstG8yxlR8JVkS2im1P7jkctWR6IjqauAHT2j5a1zwwplN4NgkrPIjlczCBjhk2dSMg3KYzxDwdy1i%2B%2Bugou9S2iu8tkzbadPuicmMKdjR%2FUDeSpjYYmBIfdB1kv2Vqitw5n2ver7r%2B6R4D9DA5iS6bMVIhUTYq2J1wF4XcKD2AOWkOA3ZateG%2FY8eKxwX1E0NvcxkkajaSO%2F62fAWqo2CdLtmTezr8dwzsCc2XFb4Bx7DpmNu2Rs3tEPrV0ZTODsbWqyaFa2xLbpwGCJChqMDquRoFd5w2s4hL1TWDJKzNYBiQvT7ClJOIySjNN5lVrWKG1fUqIZ7CTqeNBeEUiuIjW1drQ0uM%2B6pEw0wyxyaQsDN81WjUpxJVJrN5mDsz4BpfLqDwX4Z8OBT81rUdqGPgztnAaPhlwrbmIoTjtIfbRCdX%2Fe1No3ejj7RF%2B94TTScj3KBGv3%2Bg1HsWkeehSd8nmjYW6jN3MRIUHKRuu%2B7OahD2TWGeYoW76wnBtVL%2F%2BEo5RjuEerTc7WZVjqjXxd7HpAJTisD2oQhMmHfRPpWpo7yDFyd4ZE%2BiGNs4OdLFxXF1CldMzcUZ9i6jNz%2Bdxz1vj4y7V04Qb4yzSrZLeIzowUdHI8FZtQVGFZJxOyBDKc%2B&nvMid=85691054634&catId=50001519
Apple 아이폰 13 mini 자급제 128GB 핑크,"1,052,500원",https://cr.shopping.naver.com/adcr.nhn?x=V27JPnQkNTtRkksYjkgUHv%2F%2F%2Fw%3D%3Ds0G%2Fejf9eoIhygk0bVUhF5i2Dsxu14tdPxXuL1nGpA9CGgjNtjvRyY8TaEm3AQ5UwZyDlfRfq1RGr6d%2F2cDUV82zKMuXpN3VSQydPnSUH9ZJ3sOl18a9m0QgmRUNtS1inJrEJMZIqgOGEBvuWphEOehzWbUP4hsfkDiMh%2FeiprrdhOluJ1tWQQiXRTgst1zfMd6bHlna6LOLB6PkUuNvGbhcZTESvesdOhIGLumEj5VnQKs7VECOCH6RiXWJE6IjEFjr0ogcFUQ9oLgPjJTjLT2FRkMGjmCAmRFA3T92dWRqesU6LsOUfMgp4dyQgKo1N9sMfAWR8F3cfeGAYObTVthrkAfQLiePex9rMf0Idis%2FBz7%2BORHa%2BX777%2F5U82WuFl%2Fmm%2BQrk1gcy8SwQPgmQUQSpqoaAEiwPNlXSbdYFD%2BGGpC%2FCZH%2BqVPSNC41s4%2BvCWnc6%2Fam9YqxKUW5A01eN4cGR4QGq8yX6AfBifjQWRu9BBbYLgF%2FlaAuPEUA1EI7L4AtxkNjpQgh29xxXw%2BbdkytMrHWRPJuaBmvQUxYBlCMKWvEaYVp2fsrXd06Iqv8F0zZNqdkHoDc4prBr0jboElvuakNmobEuOpgxJIxikf4phM4Xkqwer6KAYBzWkB5n%2Fe5HbX2pc0YAIjL9IFoZKoc1LbTJLXPBMHHjNOfyokyiyc1B7tv43UkyfSocUwjzBq7h9PA5SrIXrcWPClBGWw%3D%3D&nvMid=29619937553&catId=50001519
해외아이폰13미니 128GB 미국판 직구 무음 언락폰공기계자급제 미개봉미활성화 홍콩폰,"772,000원",https://cr.shopping.naver.com/adcr.nhn?x=t%2FdVYnbcsqjb02vDV%2Fmwhv%2F%2F%2Fw%3D%3DsLcF4UnaOOn5nXZZet%2FHF2nYOjlAXmkvoiSDmytNjOiNN4NgkrPIjlczCBjhk2dSMeRdx85BEYaEponFew68ZXSu8tkzbadPuicmMKdjR%2FUDeSpjYYmBIfdB1kv2Vqitw5n2ver7r%2B6R4D9DA5iS6bMVIhUTYq2J1wF4XcKD2AOWkOA3ZateG%2FY8eKxwX1E0N6U0T9pTYfPlQCGuMcUMD17tmTezr8dwzsCc2XFb4Bx7DpmNu2Rs3tEPrV0ZTODsbWqyaFa2xLbpwGCJChqMDqo830j1QZVq1MgLmyzUtIoRAOjTDDY9AC0nv%2FO%2Fp%2FKrqK98KaIZa4VBE0V5wqYGSTlSNVWIMq66tas3dbw6T33GMHn7BDBNaqXNmoKbAeTMvNS4DA4E3TA%2FSRl8byNXcJhckPkGadHpdkoaBeHVh5tcNiOYUj4ABLy8gU2CB6XR1HOoxR9ywpDv1vYHLkg52dHoSDcvKFj5KB35YpaB%2FBg7Lpm2wewAuZuzU%2B5GnZaIrcVcx1olibzOBCLfj8%2BwjJ0cPuhyQ%2BO0EDrLRmjUmWVM3KPo2odcJ4lbMpRB36VSba1jS8Ua1hwiaLnWMxworxmtu%2FaHJM8C0ZqU7X9B99qfII%2B1tsd9f9XuDbI%2BAi%2F5itI04dHs3mFOEbLdBSAWGI2hopkeKUdu5q4dSKA0zkoA%3D&nvMid=84830466060&catId=50001519
[공식인증점] Apple 아이폰 13 Pro Max+ 애플케어플러스 (선택),"329,000원",https://cr.shopping.naver.com/adcr.nhn?x=MPCYvpCIC%2BX9c%2F5hKA8csP%2F%2F%2Fw%3D%3Dsm979iB45IawHTJap1GrgqXInBb5aGtbIsfpFPKfjd0KGgjNtjvRyY8TaEm3AQ5UwVKHjdy%2BWVy6FO1ctlXTHCmzKMuXpN3VSQydPnSUH9ZJ3sOl18a9m0QgmRUNtS1inJrEJMZIqgOGEBvuWphEOesQfcp7YXkf%2Fu%2FXnNGbHLRRWR7fx5yQI121h3YIs%2BgYPxrgbkemE%2B9flQGh4zPwRSbB%2B4R%2FsVoqJUlqFSJI4gM4fV33pjq3o2OrBOypqdRk0NqOPGRaclpU1FVk%2Fz8jlo%2FcJlNCtg8klIMBZLb%2FlmlCrilkDeG%2B1rLU11UaeFf3disext5K2yYkF868rsMDqifDU3yztybKyBp5iwSU4jNSxo6XXyDnn5WVY%2Bi2%2Fiq6Cx72P1MzfeDsyK%2BcBtz34gHB02wPeIRCqL0Zr4fFCZcB8fp30y0qQTp1VEuNZ%2FM26mtvuz7RLa3HRVTQ9Vj4GtkTPUTAJ437%2B1p0KeVrFsCWhYyyXhnFIrriyVwAiGUnaZC7%2B9mFRHT8l3lMUTlojH%2BPXl1eqPL4ovNM2lFj44ziW0jzowUoOD0fK3mj8YFPgxCmMaj4YJW9RWo1LR%2F8KtNawAMUzsYfxdS67oPp581MaIbT4wPT2RVq4kndhIVrU4C67NcBT%2BloZGZF6EhTsbEWywuLXSxQ1i8fTReqT9dHLVWGr8fvvH1mWvUgXPK6j&nvMid=37547223025&catId=50001519
애플 아이폰13 미니 256GB 미개봉 새상품 자급제 통신사,"280,000원",https://cr.shopping.naver.com/adcr.nhn?x=NwTwViOJZ3mkoEmAEFLIaP%2F%2F%2Fw%3D%3DsHkvxMWreulWCBpYYsKOqXYLr7X2QKR8HQoK4u9j2fmPrlQPyQuHoHFsppYbPEdHaigqKsVWgsNpiuexcJvBNcCMfNdLHGrZ7c%2FjT2rfUVlOIIYXEzG868jffaZIevPwQjwOs56kTwDMsAYkhOjttPsmscUZuB%2FB3GA4tAdwd4kJn0E%2B7lsL8Xc%2FJzL4Vwihdpp2IXGugW5q9k6hquPZcyvv9hnZk7D5pL1%2F%2F9fZRiburCRdUxvA177jl0VodmokhNUJnit2TyE8yh3GxJ0fiPKOZWFmphkzNZHSV06%2BrdQODTmjQmLkqSOSXXTSjDn2wx72P1MzfeDsyK%2BcBtz34gC4n5I9ZnQNfy%2BzFvXQedlKg81zfOH29IpeADXuJVt1YiqpSr8tONnIKhDd6DWGWuzvFtsfuhjlOOIY2Pi9tW6R6uDPDn2j1G6CqRg4FMSk3GH%2BZhoU1ef9i6oW2bWCgVSvPjWtotnrlZyrRtb5YTNQL6nrfebnckJCqgqS%2F1UnIvkBuVF8wiss7lb0x7BnvMTYhYCKekPCDvbTMF%2FwJQpdpyzsyoNdRITS%2Fpv3AvFhGRRAwlQet3MfJ8twR%2Bi3FqbN6%2FyozQPUtKbxDIkYwgZ%2Fke%2FVP%2BgM94BPZkP5YJ%2Bex&nvMid=85691062471&catId=50001519
애플 iPhone 아이폰 13 미니 128GB 256GB 5G 정품 자급제,"795,800원",https://cr.shopping.naver.com/adcr.nhn?x=E%2FDC7RRKB6zTLIqq3V8Oi%2F%2F%2F%2Fw%3D%3DsQUNprTr%2Fji9kLWab6S%2Bk%2FjH67r3RVMoepdFe5KT7TyFN4NgkrPIjlczCBjhk2dSMEN5AANWgDdwSwlxF0%2BBiaCu8tkzbadPuicmMKdjR%2FUDeSpjYYmBIfdB1kv2Vqitwf%2B1Fz0hpxKwgWQAyCyHBs6o5YEmCu22RHk6o03pGxHyr9N9rARz1GwL8SD%2B61y0rKGBlOED1b1awVAIjaN5NhfUJQaVY44lnX1Wv9VH5%2FSEzrm3xLg9N%2BZ8BHnRi8HIWq4pZA3hvtay1NdVGnhX93YrHsbeStsmJBfOvK7DA6okNVlFd2Ie7zHSUNpwoqvM%2B2GWDg2yMSKjwbU5GVnG3XGH887x6xNbHl9QWC%2BIeyXI60hTD1D8Lx0mRXbLUs5kizfNVo1KcSVSazeZg7M%2BAaepQsLaT6PISx0hwLPEPOgqUCtBgvatSSFFF6srt%2Bumlbuygw49n%2Fqhr8gaJZ%2FkxM7BoyppWQMhLGEhM7ivVopixLsUEb%2FPk6cPqFGKtDwHb7tgyziWMvDABYWicA%2Bm6Aynx0C5FIXBOpi7qP2jeUI2PBimPDZwOttZjcrwUclZ9E6YxbR2jzW5Oem6uo%2Bd%2BvEswW5NfHmETWNiGlwAmfhRoaKZHilHbuauHUigNM5KA&nvMid=36911635877&catId=50001519
아이폰13 미니 256G 애플,"546,700원",https://cr.shopping.naver.com/adcr.nhn?x=6iwj3mR0JFWYZ2s4P5ooBv%2F%2F%2Fw%3D%3DsfGvvelP62cDLC31qQgMm2POS5bxxQXgd4MkDnyp2aK3rlQPyQuHoHFsppYbPEdHaCJ7aMYO%2F5ZWHzQutHaZf4pU9D0UlWxHoRg8lN0Wgo%2BqIIYXEzG868jffaZIevPwQpzENqFcLyVg9Yu4dg1fs0AAGS5B5ORXa74rYHtS1uA0mKJid%2B4dOtnVdOHeEhEE0JUt4Nj4MWRh4RbuVBlE16EsPm0Cp5JUaF2lKrVzTg%2B7BrbAsJOlEZgu4HUm5CTwUQ%2BD%2Fo9glb0ukJK6bM8miKArsK1DNlYuW6vX8WB7j4SlM4t0bcytePvJ7FCctzCFAk1x%2BXtfmvORcPhphm5y1X1d%2BqILAG09hjAR1K3qLYkAFRpec11vzWBpzzekoCwPoukJU353ioUBSBr3fyDmhbKDPSFYORZXI8IVKbPEbyKjVurJjYK5WMV02GX8bGvRwgwGeBjyvyEdeX7sgxSeqhzj%2BuoF0nlHvdNlnIwkaIBwBh4qA7krgaef3MEpLgEMMjwYpjw2cDrbWY3K8FHJWfTi9%2FRyuhCJbalwNpGbkCOT9R2XDSs9kbFstd9qAcdHBaGimR4pR27mrh1IoDTOSgA%3D%3D&nvMid=31434267444&catId=50001519
